abs_name,abs_types,observed
PG16,V1V2,463
PG9,V1V2,625
PGDM1400,V1V2,575
PGT145,V1V2,523
VRC26.08,V1V2,412
VRC26.25,V1V2,421
10-1074,V3,580
2G12,V3,681
PGT121,V3,684
PGT128,V3,542
10-996,V3,121
DH270.5,V3,206
DH270.6,V3,206
PGT135,V3,245
VRC29.03,V3,205
VRC38.01,V3,242
3BNC117,CD4BS,629
b12,CD4BS,729
VRC-CH31,CD4BS,283
VRC01,CD4BS,843
CH103,CD4BS,240
CH01,CD4BS,239
HJ16,CD4BS,297
NIH45-46,CD4BS,269
VRC-PG04,CD4BS,314
VRC03,CD4BS,355
VRC07,CD4BS,395
PGT151,FP,271
VRC34.01,FP,205
35O22,SI,288
8ANC195,SI,262
2F5,MPER,687
10E8v4,MPER,205
